graph,n,affected,rho*,radius,courtesy,criterion set,notified set,notified >= affected,msgs,rounds,pairs,non-min,stretch max
BS(6),720,82,2,1,0,79,66,no,264,8,516242,17,2
BS(6),720,82,2,2,0,82,69,no,276,8,516242,11,2
BS(6),720,82,2,2,1,82,82,yes,700,10,516242,0,0
BS(6),720,82,2,1,1,79,79,no,696,10,516242,6,2
Q_6,64,5,1,1,0,6,6,yes,30,1,3906,0,0
Q_6,64,5,1,2,0,6,6,yes,30,1,3906,0,0
Q_6,64,5,1,2,1,6,6,yes,105,2,3906,0,0
Q_6,64,5,1,1,1,6,6,yes,105,2,3906,0,0
Q_8,256,7,1,1,0,8,8,yes,56,1,64770,0,0
Q_8,256,7,1,2,0,8,8,yes,56,1,64770,0,0
Q_8,256,7,1,2,1,8,8,yes,252,2,64770,0,0
Q_8,256,7,1,1,1,8,8,yes,252,2,64770,0,0
Q_10,1024,9,1,1,0,10,10,yes,90,1,1045506,0,0
Q_10,1024,9,1,2,0,10,10,yes,90,1,1045506,0,0
Q_10,1024,9,1,2,1,10,10,yes,495,2,1045506,0,0
Q_10,1024,9,1,1,1,10,10,yes,495,2,1045506,0,0
Torus 8x8,64,18,2,1,0,17,16,no,48,3,3906,2,2
Torus 8x8,64,18,2,2,0,18,18,yes,54,3,3906,0,0
Torus 8x8,64,18,2,2,1,18,18,yes,90,4,3906,0,0
Torus 8x8,64,18,2,1,1,17,17,no,90,4,3906,1,2
Torus 14x14,196,42,5,1,0,38,37,no,111,6,37830,5,2
Torus 14x14,196,42,5,2,0,39,37,no,111,6,37830,5,2
Torus 14x14,196,42,5,2,1,39,37,no,177,7,37830,5,2
Torus 14x14,196,42,5,1,1,38,37,no,177,7,37830,5,2
Torus 14x14,196,42,5,5,1,42,42,yes,219,7,37830,0,0
BS(7),5040,196,2,1,0,191,142,no,710,10,200000,0,0
BS(7),5040,196,2,2,0,196,147,no,735,10,200000,0,0
BS(7),5040,196,2,2,1,196,196,yes,2450,13,200000,0,0
BS(7),5040,196,2,1,1,191,191,no,2440,13,200000,0,0
Torus 10x10,100,26,3,1,0,24,23,no,69,4,9702,3,2
Torus 10x10,100,26,3,2,0,25,23,no,69,4,9702,3,2
Torus 10x10,100,26,3,2,1,25,25,no,129,5,9702,1,2
Torus 10x10,100,26,3,1,1,24,23,no,111,5,9702,3,2
Torus 10x10,100,26,3,3,1,26,26,yes,135,5,9702,0,0
Torus 12x12,144,34,4,1,0,31,30,no,90,5,20306,4,2
Torus 12x12,144,34,4,2,0,32,30,no,90,5,20306,4,2
Torus 12x12,144,34,4,2,1,32,30,no,147,6,20306,4,2
Torus 12x12,144,34,4,1,1,31,30,no,147,6,20306,4,2
Torus 12x12,144,34,4,4,1,34,34,yes,174,6,20306,0,0
Torus 16x16,256,50,6,1,0,45,44,no,132,7,64770,6,2
Torus 16x16,256,50,6,2,0,46,44,no,132,7,64770,6,2
Torus 16x16,256,50,6,2,1,46,44,no,213,8,64770,6,2
Torus 16x16,256,50,6,1,1,45,44,no,213,8,64770,6,2
Torus 16x16,256,50,6,6,1,50,50,yes,258,8,64770,0,0
Torus 20x20,400,66,8,1,0,59,58,no,174,9,158802,8,2
Torus 20x20,400,66,8,2,0,60,58,no,174,9,158802,8,2
Torus 20x20,400,66,8,2,1,60,58,no,279,10,158802,8,2
Torus 20x20,400,66,8,1,1,59,58,no,279,10,158802,8,2
Torus 20x20,400,66,8,8,1,66,66,yes,342,10,158802,0,0
