graph,n,kind,k,sets,connected sets,pairs,orig lost,orig loops,orig loop %,trace lost,trace loops,trace non-min %,trace stretch mean,trace stretch max,trace comp/msg,header max,greedy delivered %,trace mean
BS(4),24,links,2,20,20,11040,0,39,0.3532608695652174,0,0,2.13768115942029,0.04420289855072464,4,1.177445652173913,2,88.32427536231884,0.17798913043478262
BS(4),24,links,4,20,20,11040,0,374,3.38768115942029,0,0,5.489130434782608,0.13115942028985508,6,1.4207427536231885,4,76.01449275362319,0.42436594202898553
BS(5),120,links,2,20,20,285600,0,108,0.037815126050420166,0,0,0.3700980392156863,0.007401960784313726,2,1.041439075630252,2,97.73634453781513,0.0414390756302521
BS(5),120,links,5,20,20,285600,0,1168,0.40896358543417366,0,0,1.2279411764705883,0.02695378151260504,4,1.1118417366946778,3,94.70798319327731,0.11199579831932772
BS(5),120,links,12,20,20,285600,0,5123,1.7937675070028012,0,0,3.3855042016806722,0.08119047619047619,8,1.2825035014005601,5,85.87570028011204,0.28393207282913163
BS(5),120,links,24,20,20,285600,0,14448,5.0588235294117645,0,0,7.7023809523809526,0.19586134453781512,12,1.628189775910364,8,74.20378151260505,0.6359803921568628
ST(4),24,links,2,20,20,11040,0,89,0.8061594202898551,0,0,0.8695652173913043,0.017934782608695653,4,1.1628623188405798,2,88.3786231884058,0.16367753623188405
ST(4),24,links,4,20,20,11040,0,403,3.6503623188405796,0,0,3.0253623188405796,0.0713768115942029,8,1.3962862318840579,4,77.8804347826087,0.40498188405797103
ST(5),120,links,2,20,20,285600,0,316,0.11064425770308123,0,0,0.16701680672268907,0.0033543417366946778,4,1.0327941176470588,2,97.71148459383754,0.032804621848739494
ST(5),120,links,5,20,20,285600,0,2411,0.844187675070028,0,0,0.5742296918767507,0.01180672268907563,4,1.0817401960784314,3,94.05987394957984,0.08196778711484594
ST(5),120,links,12,20,20,285600,0,7252,2.5392156862745097,0,0,1.6512605042016806,0.03516106442577031,8,1.2122899159663865,6,86.04201680672269,0.21445728291316526
ST(5),120,links,24,20,20,285600,0,18690,6.544117647058823,0,0,5.149159663865547,0.12451680672268907,12,1.5051050420168066,10,73.62570028011204,0.5156127450980392
CT(4),24,links,2,20,20,11040,0,0,0.0,0,0,0.036231884057971016,0.0007246376811594203,2,1.0566123188405796,2,97.3913043478261,0.05661231884057971
CT(4),24,links,4,20,20,11040,0,0,0.0,0,0,0.05434782608695652,0.0010869565217391304,2,1.1191123188405796,3,94.23913043478261,0.11938405797101449
CT(4),24,links,7,20,20,11040,0,15,0.1358695652173913,0,0,0.24456521739130435,0.004891304347826087,2,1.2278079710144927,4,90.64311594202898,0.22780797101449277
PC(4),24,links,2,20,20,11040,0,0,0.0,0,0,0.0,0.0,0,1.1529891304347826,2,90.0,0.1539855072463768
PC(4),24,links,4,20,20,11040,0,3,0.02717391304347826,0,0,0.32608695652173914,0.004528985507246377,2,1.3567028985507246,4,79.82789855072464,0.35969202898550723
PC(5),120,links,2,20,20,285600,0,0,0.0,0,0,0.012254901960784314,0.00012254901960784314,1,1.0301015406162466,2,98.12149859943978,0.03015406162464986
PC(5),120,links,5,20,20,285600,0,2,0.0007002801120448179,0,0,0.03361344537815126,0.0003466386554621849,2,1.0783823529411765,3,95.30427170868347,0.07849439775910363
PC(5),120,links,12,20,20,285600,0,77,0.02696078431372549,0,0,0.24509803921568626,0.002857142857142857,3,1.2061344537815126,6,88.60854341736695,0.2073529411764706
PC(5),120,links,24,20,20,285600,0,754,0.26400560224089636,0,0,1.1852240896358543,0.015833333333333335,7,1.484264705882353,10,77.50980392156863,0.491281512605042
Q_4,16,links,2,20,20,4800,0,0,0.0,0,0,0.08333333333333333,0.0016666666666666668,2,1.1414583333333332,2,92.77083333333333,0.14145833333333332
Q_4,16,links,3,20,20,4800,0,32,0.6666666666666666,0,0,0.6666666666666666,0.013333333333333334,2,1.2241666666666666,3,91.6875,0.2275
Torus 6x6,36,links,2,20,20,25200,0,12,0.047619047619047616,0,0,0.28174603174603174,0.005634920634920635,2,1.0878571428571429,2,97.81349206349206,0.08785714285714286
Torus 6x6,36,links,4,20,20,25200,0,17,0.06746031746031746,0,0,0.8293650793650794,0.016904761904761905,4,1.1833730158730158,3,95.7063492063492,0.18341269841269842
Torus 6x6,36,links,7,20,20,25200,0,143,0.5674603174603174,0,0,2.238095238095238,0.052142857142857144,8,1.356825396825397,6,90.76984126984127,0.3597619047619048
Torus 4x16,64,links,2,20,20,80640,0,0,0.0,0,0,0.033482142857142856,0.0006696428571428571,2,1.080654761904762,2,97.2172619047619,0.08065476190476191
Torus 4x16,64,links,3,20,20,80640,0,0,0.0,0,0,0.23065476190476192,0.00496031746031746,4,1.1239831349206348,3,95.83209325396825,0.12398313492063492
Torus 4x16,64,links,6,20,20,80640,0,0,0.0,0,0,0.43526785714285715,0.008705357142857143,2,1.2379712301587302,4,92.50248015873017,0.23805803571428572
Torus 4x16,64,links,13,20,20,80640,0,208,0.25793650793650796,0,0,4.253472222222222,0.08968253968253968,6,1.6169270833333333,9,81.55133928571429,0.622470238095238
"C_20(1,2)",20,links,2,20,20,7600,0,0,0.0,0,0,0.013157894736842105,0.00013157894736842105,1,1.1598684210526315,2,99.17105263157895,0.15986842105263158
"C_20(1,2)",20,links,4,20,20,7600,0,99,1.3026315789473684,0,0,1.5263157894736843,0.04289473684210526,9,1.36,4,97.88157894736842,0.36
