graph,n,model,rule,f2 cases,pairs,lost,loops,loop %,non-min,non-min %,stretch max,comp/msg,header max,trace mean
BS(4),24,sequential,original,33,16698,0,114,0.6827164929931728,260,1.5570727033177627,4,2.2787023637240713,2,0.913462690142532
BS(4),24,sequential,trace,33,16698,0,0,0.0,347,2.0780931848125523,6,1.2017008024913163,2,0.2028985507246377
BS(4),24,concurrent,original,33,16698,0,87,0.5210204814947897,265,1.5870164091507966,4,2.2828246342784904,2,0.9154988621391783
BS(4),24,concurrent,trace,33,16698,0,0,0.0,336,2.012217031979878,6,1.2009821535513234,2,0.202299676607977
BS(4),24,concurrent,greedy,33,16698,0,1881,11.264822134387352,2,0.011977482333213559,2,0.0,0,0.0
BS(5),120,sequential,original,236,3313912,0,1207,0.03642221036647925,8122,0.24508798061022743,4,2.273189130936802,2,0.671464118540263
BS(5),120,sequential,trace,236,3313912,0,0,0.0,8714,0.26295206390513687,4,1.0559311774120737,2,0.056048863095942196
BS(5),120,concurrent,original,236,3313912,0,1200,0.0362109796518435,8194,0.24726063938933804,4,2.2711618154551316,2,0.6688445559206159
BS(5),120,concurrent,trace,236,3313912,0,0,0.0,8813,0.26593946972641397,4,1.0559529039998647,2,0.05601144508363529
BS(5),120,concurrent,greedy,236,3313912,0,89279,2.69406671028078,2,6.0351632753072505e-05,2,0.0,0,0.0
ST(4),24,sequential,original,33,16698,0,72,0.4311893639956881,68,0.407234399329261,4,2.468663539035246,2,1.2597317043957361
ST(4),24,sequential,trace,33,16698,0,0,0.0,105,0.6288178224937119,4,1.1718768714816146,2,0.1734938315965984
ST(4),24,concurrent,original,33,16698,0,68,0.407234399329261,46,0.27548209366391185,4,2.4754058929645217,2,1.274703557312253
ST(4),24,concurrent,trace,33,16698,0,0,0.0,81,0.48508803449514915,4,1.1718169840699484,2,0.17283507006827165
ST(4),24,concurrent,greedy,33,16698,0,1837,11.001317523056654,44,0.2635046113306983,2,0.0,0,0.0
ST(5),120,sequential,original,236,3313912,0,3590,0.10833118079176514,1839,0.05549332631645017,4,2.9713242397567368,2,1.1676710184217325
ST(5),120,sequential,trace,236,3313912,0,0,0.0,3656,0.11032278467261654,4,1.039233992936445,2,0.03934232411723667
ST(5),120,concurrent,original,236,3313912,0,3520,0.10621887364540761,1745,0.052656799577055755,4,2.9729932285964926,2,1.1672886908282416
ST(5),120,concurrent,trace,236,3313912,0,0,0.0,3532,0.10658098344192604,4,1.0392469685374868,2,0.039298267425326924
ST(5),120,concurrent,greedy,236,3313912,0,92668,2.7963325519808615,2768,0.08352665973025235,2,0.0,0,0.0
CT(4),24,sequential,original,66,33396,0,2,0.005988741166606779,4,0.011977482333213559,2,1.3914775109301072,2,0.6993352497305066
CT(4),24,sequential,trace,66,33396,0,0,0.0,6,0.017966223499820338,2,1.0773146484608935,2,0.07731464846089352
CT(4),24,concurrent,original,66,33396,0,0,0.0,4,0.011977482333213559,2,1.391364235237753,2,0.6999041801413343
CT(4),24,concurrent,trace,66,33396,0,0,0.0,4,0.011977482333213559,2,1.0773146484608935,2,0.07731464846089352
CT(4),24,concurrent,greedy,66,33396,0,487,1.4582584740687508,3,0.008983111749910169,2,0.0,0,0.0
PC(4),24,sequential,original,33,16698,0,4,0.023954964666427117,26,0.15570727033177625,2,2.438840301904876,2,1.313570487483531
PC(4),24,sequential,trace,33,16698,0,0,0.0,28,0.1676847526649898,2,1.165049706551683,2,0.16666666666666666
PC(4),24,concurrent,original,33,16698,0,2,0.011977482333213559,11,0.06587615283267458,2,2.4377695256348826,2,1.3089591567852437
PC(4),24,concurrent,trace,33,16698,0,0,0.0,12,0.07186489399928135,2,1.1647502694933525,2,0.1652892561983471
PC(4),24,concurrent,greedy,33,16698,0,1502,8.995089232243382,169,1.0120972571565456,2,0.0,0,0.0
PC(5),120,sequential,original,236,3313912,0,4,0.00012070326550614501,214,0.006457624704578758,2,2.8855662257371057,2,1.2232376719719775
PC(5),120,sequential,trace,236,3313912,0,0,0.0,214,0.006457624704578758,2,1.0374035279150442,2,0.03750009052744913
PC(5),120,concurrent,original,236,3313912,0,2,6.0351632753072505e-05,181,0.005461822764153061,2,2.885451023111672,2,1.2209421976202144
PC(5),120,concurrent,trace,236,3313912,0,0,0.0,178,0.0053712953150234525,2,1.037399906817079,2,0.03741891758139625
PC(5),120,concurrent,greedy,236,3313912,0,69426,2.094986227757406,11359,0.34276709822107526,3,0.0,0,0.0
Q_4,16,sequential,original,28,5880,0,8,0.1360544217687075,10,0.17006802721088435,2,1.518732970027248,2,0.7855442176870748
Q_4,16,sequential,trace,28,5880,0,0,0.0,17,0.2891156462585034,2,1.163265306122449,2,0.16326530612244897
Q_4,16,concurrent,original,28,5880,0,0,0.0,10,0.17006802721088435,2,1.514625850340136,2,0.7950680272108843
Q_4,16,concurrent,trace,28,5880,0,0,0.0,10,0.17006802721088435,2,1.1627551020408162,2,0.16326530612244897
Q_4,16,concurrent,greedy,28,5880,0,210,3.5714285714285716,0,0.0,0,0.0,0,0.0
Torus 6x6,36,sequential,original,68,80920,0,11,0.013593672763222936,141,0.17424616905585763,2,1.929995426961154,2,0.7745056846267919
Torus 6x6,36,sequential,trace,68,80920,0,0,0.0,141,0.17424616905585763,2,1.108415719228868,2,0.10882352941176471
Torus 6x6,36,concurrent,original,68,80920,0,9,0.011122095897182402,138,0.17053880375679684,2,1.9297994092274227,2,0.7747404844290657
Torus 6x6,36,concurrent,trace,68,80920,0,0,0.0,137,0.16930301532377656,2,1.1084033613445379,2,0.10855165595650025
Torus 6x6,36,concurrent,greedy,68,80920,0,1387,1.7140385565991103,1388,1.7152743450321306,4,0.0,0,0.0
Torus 4x16,64,sequential,original,124,484344,0,48,0.009910311679302314,354,0.07308854863485456,2,3.75890364570428,2,1.0494400673901194
Torus 4x16,64,sequential,trace,124,484344,0,0,0.0,312,0.06441702591546504,2,1.108402292585435,2,0.10931486711923756
Torus 4x16,64,concurrent,original,124,484344,0,0,0.0,436,0.09001866442032935,2,3.757876633136779,2,1.0310048230183506
Torus 4x16,64,concurrent,trace,124,484344,0,0,0.0,352,0.0726756189815503,2,1.1086645029152833,2,0.108678955453149
Torus 4x16,64,concurrent,greedy,124,484344,0,17424,3.59744313958674,11888,2.4544538592405396,4,0.0,0,0.0
"C_20(1,2)",20,sequential,original,36,12312,0,0,0.0,9,0.07309941520467836,1,2.744314489928525,2,1.2588531513970111
"C_20(1,2)",20,sequential,trace,36,12312,0,0,0.0,9,0.07309941520467836,1,1.1923326835607537,2,0.1950942170240416
"C_20(1,2)",20,concurrent,original,36,12312,0,0,0.0,13,0.1055880441845354,1,2.744801819363223,2,1.2132878492527615
"C_20(1,2)",20,concurrent,trace,36,12312,0,0,0.0,13,0.1055880441845354,1,1.1929012345679013,2,0.19290123456790123
"C_20(1,2)",20,concurrent,greedy,36,12312,0,104,0.8447043534762833,790,6.416504223521767,2,0.0,0,0.0
