graph,n,deg,build s,notified,msgs,rounds,flood,share %,notify s,pairs,lost,loops,non-min,stretch max,us/decision src,us/decision int
Torus 100x100,10000,4,0.009322166442871094,338,1014,49,29997,3.38033803380338,0.012962102890014648,10000,0,0,0,0,1334.9533081054688,0.033338069915771484
Q_14,16384,14,0.014251947402954102,14,182,1,212979,0.08545443447476042,0.15266680717468262,10000,0,0,0,0,5376.2078285217285,0.03682136535644531
BS(8),40320,7,0.10891008377075195,291,1746,12,241914,0.7217440908752697,0.12421679496765137,10000,0,0,0,0,8262.348175048828,0.033757686614990234
PC(8),40320,7,0.11562919616699219,16585,99510,10,241914,41.13445273940326,0.3312258720397949,10000,0,0,0,0,8882.2603225708,0.03573894500732422
ST(8),40320,7,0.11324381828308105,18193,109158,7,241914,45.12264689104393,0.31215405464172363,10000,0,0,0,0,8631.753921508789,0.035400390625
Q_16,65536,16,0.06528902053833008,16,240,1,983025,0.024414435034714275,0.8788909912109375,10000,0,0,0,0,28573.250770568848,0.03763914108276367
Torus 200x200,40000,4,0.02259206771850586,688,2064,99,119997,1.720043001075027,0.05105113983154297,10000,0,0,0,0,5649.209022521973,0.03283977508544922
Q_18,262144,18,0.32207179069519043,18,306,1,4456431,0.006866481271672331,5.793601989746094,10000,0,0,0,0,169144.80924606323,0.03679990768432617
BS(9),362880,8,1.2085769176483154,579,4053,14,2540153,0.159557318004073,1.798759937286377,10000,0,0,0,0,112148.14186096191,0.03538846969604492
