graph,n,model,rule,f2 cases,pairs,lost,loops,loop %,non-min,non-min %,stretch max,comp/msg,header max
BS(4),24,sequential,original,23,10626,0,65,0.6117071334462639,138,1.2987012987012987,4,2.265883912508285,2
BS(4),24,sequential,trace,23,10626,0,0,0.0,181,1.7033690946734426,6,1.3902691511387164,2
BS(4),24,concurrent,original,23,10626,0,84,0.7905138339920948,134,1.2610577827969132,4,2.261904761904762,2
BS(4),24,concurrent,trace,23,10626,0,0,0.0,190,1.7880670054583099,6,1.3899868247694334,2
BS(4),24,concurrent,greedy,23,10626,0,1092,10.276679841897232,2,0.018821757952192736,2,0.0,0
BS(5),120,sequential,original,119,1642914,0,659,0.040111655266191655,2218,0.13500402333901834,4,2.6600692340714445,2
BS(5),120,sequential,trace,119,1642914,0,0,0.0,2019,0.12289139906288461,4,1.5245776711379901,2
BS(5),120,concurrent,original,119,1642914,0,774,0.04711141301370613,2204,0.13415187891758182,4,2.6535386751434102,2
BS(5),120,concurrent,trace,119,1642914,0,0,0.0,2179,0.13263019245073085,4,1.5220778446102474,2
BS(5),120,concurrent,greedy,119,1642914,0,49988,3.0426425241978583,2,0.00012173491734807787,2,0.0,0
ST(4),24,sequential,original,23,10626,0,7,0.06587615283267458,14,0.13175230566534915,2,2.4538092099067708,2
ST(4),24,sequential,trace,23,10626,0,0,0.0,18,0.16939582156973462,2,1.4246188594014682,2
ST(4),24,concurrent,original,23,10626,0,3,0.028232636928289104,4,0.03764351590438547,2,2.4501553233549846,2
ST(4),24,concurrent,trace,23,10626,0,0,0.0,6,0.05646527385657821,2,1.4275362318840579,2
ST(4),24,concurrent,greedy,23,10626,0,1056,9.937888198757763,32,0.3011481272350838,2,0.0,0
ST(5),120,sequential,original,119,1642914,0,56,0.00340857768574618,88,0.005356336363315426,2,3.182743730742401,2
ST(5),120,sequential,trace,119,1642914,0,0,0.0,116,0.007060625206188516,2,1.523166763445926,2
ST(5),120,concurrent,original,119,1642914,0,0,0.0,30,0.001826023760221168,2,3.182585333133688,2
ST(5),120,concurrent,trace,119,1642914,0,0,0.0,30,0.001826023760221168,2,1.525249039207165,2
ST(5),120,concurrent,greedy,119,1642914,0,52194,3.176916138032788,1816,0.1105353049520547,2,0.0,0
CT(4),24,sequential,original,23,10626,0,0,0.0,4,0.03764351590438547,2,1.372859025032938,2
CT(4),24,sequential,trace,23,10626,0,0,0.0,4,0.03764351590438547,2,1.3150762281197064,2
CT(4),24,concurrent,original,23,10626,0,0,0.0,4,0.03764351590438547,2,1.372859025032938,2
CT(4),24,concurrent,trace,23,10626,0,0,0.0,4,0.03764351590438547,2,1.3150762281197064,2
CT(4),24,concurrent,greedy,23,10626,0,8,0.07528703180877094,0,0.0,0,0.0,0
PC(4),24,sequential,original,23,10626,0,4,0.03764351590438547,19,0.17880670054583098,2,2.2710412351722837,2
PC(4),24,sequential,trace,23,10626,0,0,0.0,21,0.1976284584980237,2,1.4267833615659702,2
PC(4),24,concurrent,original,23,10626,0,0,0.0,0,0.0,0,2.2679277244494638,2
PC(4),24,concurrent,trace,23,10626,0,0,0.0,0,0.0,0,1.4223602484472049,2
PC(4),24,concurrent,greedy,23,10626,0,798,7.509881422924901,128,1.204592508940335,2,0.0,0
PC(5),120,sequential,original,119,1642914,0,2,0.00012173491734807787,65,0.003956384813812531,2,2.9493016059289845,2
PC(5),120,sequential,trace,119,1642914,0,0,0.0,63,0.003834649896464453,2,1.5775268821131234,2
PC(5),120,concurrent,original,119,1642914,0,2,0.00012173491734807787,26,0.0015825539255250123,2,2.9492742155392375,2
PC(5),120,concurrent,trace,119,1642914,0,0,0.0,24,0.0014608190081769343,2,1.5779864314261123,2
PC(5),120,concurrent,greedy,119,1642914,0,36858,2.243452791807727,7478,0.45516685596446316,3,0.0,0
Q_4,16,sequential,original,15,2730,0,0,0.0,10,0.3663003663003663,2,1.410989010989011,2
Q_4,16,sequential,trace,15,2730,0,0,0.0,10,0.3663003663003663,2,1.3076923076923077,2
Q_4,16,concurrent,original,15,2730,0,0,0.0,10,0.3663003663003663,2,1.410989010989011,2
Q_4,16,concurrent,trace,15,2730,0,0,0.0,10,0.3663003663003663,2,1.3076923076923077,2
Q_4,16,concurrent,greedy,15,2730,0,16,0.5860805860805861,0,0.0,0,0.0,0
Torus 6x6,36,sequential,original,35,39270,0,5,0.012732365673542145,30,0.07639419404125286,2,2.047013880045842,2
Torus 6x6,36,sequential,trace,35,39270,0,0,0.0,33,0.08403361344537816,2,1.3931245225362872,2
Torus 6x6,36,concurrent,original,35,39270,0,0,0.0,35,0.08912655971479501,2,2.047186147186147,2
Torus 6x6,36,concurrent,trace,35,39270,0,0,0.0,35,0.08912655971479501,2,1.3947797300738478,2
Torus 6x6,36,concurrent,greedy,35,39270,0,478,1.217214158390629,672,1.7112299465240641,6,0.0,0
Torus 4x16,64,sequential,original,63,238266,0,109,0.045747190115249345,373,0.15654772397236702,2,4.177219229331912,2
Torus 4x16,64,sequential,trace,63,238266,0,0,0.0,376,0.1578068209480161,2,1.4730133548219217,2
Torus 4x16,64,concurrent,original,63,238266,0,26,0.010912173788958559,397,0.16662049977755952,2,4.181401108126259,2
Torus 4x16,64,concurrent,trace,63,238266,0,0,0.0,350,0.14689464715905753,2,1.4808071651011894,2
Torus 4x16,64,concurrent,greedy,63,238266,0,10434,4.379139281307446,6636,2.785122510135731,4,0.0,0
"C_20(1,2)",20,sequential,original,19,5814,0,0,0.0,5,0.08599931200550395,1,2.890608875128999,2
"C_20(1,2)",20,sequential,trace,19,5814,0,0,0.0,5,0.08599931200550395,1,1.264877880976952,2
"C_20(1,2)",20,concurrent,original,19,5814,0,0,0.0,10,0.1719986240110079,1,2.9157206742346062,2
"C_20(1,2)",20,concurrent,trace,19,5814,0,0,0.0,10,0.1719986240110079,1,1.2899896800825594,2
"C_20(1,2)",20,concurrent,greedy,19,5814,0,120,2.063983488132095,374,6.432748538011696,2,0.0,0
