case,family,param,order,nS,alphabet,large,maxwdiffs,success,wa_states,diff1_states,diff2_states,diff2c_states,gm_states,diff1kb_states,seconds_total,seconds_autgroup,seconds_gpminkb,seconds_build,size_check,notes
Q4,hypercube Q_k,4,16,4,4,false,,true,5,11,11,11,21,11,0.08,0.05,0.01,0.00,true,[patched gpaxioms] (Z_2)^4; standard basis
Q6,hypercube Q_k,6,64,6,6,false,,true,7,22,22,22,43,22,0.08,0.03,0.01,0.00,true,[patched gpaxioms] (Z_2)^6; standard basis
Q8,hypercube Q_k,8,256,8,8,false,,true,9,37,37,37,73,37,0.10,0.04,0.01,0.04,true,[patched gpaxioms] (Z_2)^8; standard basis
Q10,hypercube Q_k,10,1024,10,10,false,,true,11,56,56,56,111,56,0.18,0.10,0.01,0.14,true,[patched gpaxioms] (Z_2)^10; standard basis
Q12,hypercube Q_k,12,4096,12,12,false,,true,13,79,79,79,157,79,0.61,0.49,0.02,0.43,true,[patched gpaxioms] (Z_2)^12; standard basis
Q14,hypercube Q_k,14,16384,14,14,false,,true,15,106,106,106,211,106,3.14,2.98,0.02,1.72,true,[patched gpaxioms] (Z_2)^14; standard basis
Q16,hypercube Q_k,16,65536,16,16,false,,true,17,137,137,137,273,137,18.85,18.71,0.02,9.23,true,[patched gpaxioms] (Z_2)^16; standard basis
T4,torus Z_m x Z_m,4,16,2,4,false,,true,5,11,11,11,25,11,0.06,0.03,0.01,0.00,true,[patched gpaxioms] Z_4 x Z_4 = <a;b | a^m; b^m; [a;b]>
T6,torus Z_m x Z_m,6,36,2,4,false,,true,9,13,13,13,41,13,0.08,0.04,0.01,0.00,true,[patched gpaxioms] Z_6 x Z_6 = <a;b | a^m; b^m; [a;b]>
T8,torus Z_m x Z_m,8,64,2,4,false,,true,13,15,15,15,57,15,0.08,0.05,0.01,0.00,true,[patched gpaxioms] Z_8 x Z_8 = <a;b | a^m; b^m; [a;b]>
T14,torus Z_m x Z_m,14,196,2,4,false,,true,25,21,21,21,105,21,0.11,0.07,0.01,0.00,true,[patched gpaxioms] Z_14 x Z_14 = <a;b | a^m; b^m; [a;b]>
T20,torus Z_m x Z_m,20,400,2,4,false,,true,37,27,27,27,153,27,0.12,0.08,0.01,0.00,true,[patched gpaxioms] Z_20 x Z_20 = <a;b | a^m; b^m; [a;b]>
T50,torus Z_m x Z_m,50,2500,2,4,false,,true,97,57,57,57,393,57,0.29,0.25,0.02,0.00,true,[patched gpaxioms] Z_50 x Z_50 = <a;b | a^m; b^m; [a;b]>
T100,torus Z_m x Z_m,100,10000,2,4,false,,true,197,107,107,107,793,107,1.31,1.27,0.02,0.00,true,[patched gpaxioms] Z_100 x Z_100 = <a;b | a^m; b^m; [a;b]>
C20,circulant C_20(1;2),20,20,2,4,false,,true,10,12,20,20,54,12,0.09,0.06,0.01,0.00,true,[patched gpaxioms] Z_20 = <a;b | a^20; a^2 = b>  (C_20(1;2))
Borel47,Borel(47;23),47,1081,2,4,false,,true,263,486,575,575,2203,486,0.88,0.67,0.18,0.00,true,[patched gpaxioms] Z_47 x| Z_23 = <x;y | x^23; y^47; x y x^-1 = y^2>
BS4,bubble-sort BS(p),4,24,3,3,false,,true,7,7,9,9,26,7,0.07,0.04,0.01,0.00,true,[patched gpaxioms] Sym_4; adjacent transpositions; Coxeter presentation A_3
BS5,bubble-sort BS(p),5,120,4,4,false,,true,11,11,14,14,55,11,0.09,0.05,0.01,0.00,true,[patched gpaxioms] Sym_5; adjacent transpositions; Coxeter presentation A_4
BS6,bubble-sort BS(p),6,720,5,5,false,,true,16,16,20,20,101,16,0.11,0.07,0.01,0.01,true,[patched gpaxioms] Sym_6; adjacent transpositions; Coxeter presentation A_5
ST4,star ST(p),4,24,3,3,false,,true,9,11,14,14,42,11,0.08,0.05,0.01,0.00,true,[patched gpaxioms] Sym_4; star transpositions (1 i); presentation via IsomorphismFpGroupByGenerators
ST5,star ST(p),5,120,4,4,false,,true,24,32,57,57,230,32,0.15,0.11,0.01,0.00,true,[patched gpaxioms] Sym_5; star transpositions (1 i); presentation via IsomorphismFpGroupByGenerators
ST6,star ST(p),6,720,5,5,false,,true,67,115,310,310,1318,115,0.53,0.42,0.08,0.02,true,[patched gpaxioms] Sym_6; star transpositions (1 i); presentation via IsomorphismFpGroupByGenerators
CT4,complete-transposition CT(p),4,24,6,6,false,,true,6,18,18,18,54,18,0.06,0.03,0.01,0.00,true,[patched gpaxioms] Sym_4; all transpositions; presentation via IsomorphismFpGroupByGenerators
PC4,pancake PC(p),4,24,3,3,false,,true,12,21,23,23,46,21,0.08,0.05,0.01,0.00,true,[patched gpaxioms] Sym_4; prefix reversals r_2..r_4; presentation via IsomorphismFpGroupByGenerators
PC5,pancake PC(p),5,120,4,4,false,,true,38,84,100,100,282,84,0.13,0.08,0.02,0.00,true,[patched gpaxioms] Sym_5; prefix reversals r_2..r_5; presentation via IsomorphismFpGroupByGenerators
PC6,pancake PC(p),6,720,5,5,false,,true,166,413,553,553,2051,413,1.10,0.90,0.14,0.02,true,[patched gpaxioms] Sym_6; prefix reversals r_2..r_6; presentation via IsomorphismFpGroupByGenerators
BS7,bubble-sort BS(p),7,5040,6,6,false,,true,22,22,27,27,168,22,0.15,0.10,0.01,0.04,true,[patched gpaxioms] Sym_7; adjacent transpositions; Coxeter presentation A_6
ST7,star ST(p),7,5040,6,6,false,,true,191,524,1966,1966,9365,524,51.19,43.09,8.05,0.09,true,[patched gpaxioms] Sym_7; star transpositions (1 i); presentation via IsomorphismFpGroupByGenerators
PC7,pancake PC(p),7,5040,6,6,false,,true,904,2322,3408,3408,17029,2322,250.93,216.08,34.71,0.08,true,[patched gpaxioms] Sym_7; prefix reversals r_2..r_7; presentation via IsomorphismFpGroupByGenerators
BS8,bubble-sort BS(p),8,40320,7,7,false,,true,29,29,35,35,260,29,0.26,0.21,0.01,0.39,true,[patched gpaxioms] Sym_8; adjacent transpositions; Coxeter presentation A_7
ST8,star ST(p),8,40320,7,7,false,,false,,,,,,,61.26,61.23,,0.57,,[patched gpaxioms] Sym_8; star transpositions (1 i); presentation via IsomorphismFpGroupByGenerators
ST8,star ST(p),8,40320,7,7,true,,false,,,,,,,64.02,63.99,,0.55,,[patched gpaxioms] Sym_8; star transpositions (1 i); presentation via IsomorphismFpGroupByGenerators
PC8,pancake PC(p),8,40320,7,7,false,,false,,,,,,,68.74,68.73,,0.40,,[patched gpaxioms] Sym_8; prefix reversals r_2..r_8; presentation via IsomorphismFpGroupByGenerators
PC8,pancake PC(p),8,40320,7,7,true,,false,,,,,,,0.06,0.02,,0.46,,[patched gpaxioms] Sym_8; prefix reversals r_2..r_8; presentation via IsomorphismFpGroupByGenerators
ST8,star ST(p),8,40320,7,7,false,,false,,,,,,,73.08,73.06,,0.58,,[patched gpaxioms] Sym_8; star transpositions (1 i); presentation via IsomorphismFpGroupByGenerators
ST8,star ST(p),8,40320,7,7,true,,false,,,,,,,73.49,73.47,,0.64,,[patched gpaxioms] Sym_8; star transpositions (1 i); presentation via IsomorphismFpGroupByGenerators
ST8,star ST(p),8,40320,7,,true,200000,timeout,,,,,,,>600,>600,,,,killed after 600 s wall clock; see logs/ST8_large_mwd200000.log
PC8,pancake PC(p),8,40320,7,7,false,,false,,,,,,,71.84,71.82,,0.42,,[patched gpaxioms] Sym_8; prefix reversals r_2..r_8; presentation via IsomorphismFpGroupByGenerators
PC8,pancake PC(p),8,40320,7,7,true,,false,,,,,,,0.04,0.02,,0.42,,[patched gpaxioms] Sym_8; prefix reversals r_2..r_8; presentation via IsomorphismFpGroupByGenerators
PC8,pancake PC(p),8,40320,7,7,true,200000,false,,,,,,,372.93,372.90,,0.42,,[maxwdiffs=200000] [patched gpaxioms] Sym_8; prefix reversals r_2..r_8; presentation via IsomorphismFpGroupByGenerators
